,Scheduled Date,Location
11004,2025-01-10 12:00:00,ICCS 008
9014,2025-01-13 11:00:00,ICCS 008
10900,2025-01-13 11:00:00,ICCS 014
9011,2025-01-13 12:00:00,ICCS 008
10897,2025-01-13 12:00:00,ICCS 014
9008,2025-01-13 13:00:00,ICCS 008
10894,2025-01-13 13:00:00,ICCS 014
11077,2025-01-13 14:00:00,ICCS 014
9005,2025-01-13 14:00:00,ICCS 008
10891,2025-01-13 14:00:00,ICCS 014
9002,2025-01-13 15:00:00,ICCS 008
10888,2025-01-13 15:00:00,ICCS 014
11074,2025-01-13 15:00:00,ICCS 014
8999,2025-01-13 16:00:00,ICCS 008
10885,2025-01-13 16:00:00,ICCS 014
10978,2025-01-13 16:00:00,ICCS 014
10882,2025-01-13 17:00:00,ICCS 014
8996,2025-01-13 17:00:00,ICCS 008
10975,2025-01-13 17:00:00,ICCS 014
8993,2025-01-13 18:00:00,ICCS 008
10879,2025-01-13 18:00:00,ICCS 014
8990,2025-01-13 19:00:00,ICCS 008
10876,2025-01-13 19:00:00,ICCS 014
10873,2025-01-14 11:00:00,ICCS 014
8987,2025-01-14 11:00:00,ICCS 008
8984,2025-01-14 12:00:00,ICCS 008
10870,2025-01-14 12:00:00,ICCS 014
10972,2025-01-14 12:00:00,ICCS 014
8981,2025-01-14 13:00:00,ICCS 008
10969,2025-01-14 13:00:00,ICCS 014
10867,2025-01-14 13:00:00,ICCS 014
10864,2025-01-14 14:00:00,ICCS 014
11071,2025-01-14 14:00:00,ICCS 014
8978,2025-01-14 14:00:00,ICCS 008
11068,2025-01-14 15:00:00,ICCS 014
8975,2025-01-14 15:00:00,ICCS 008
10861,2025-01-14 15:00:00,ICCS 014
10858,2025-01-14 16:00:00,ICCS 014
8972,2025-01-14 16:00:00,ICCS 008
10855,2025-01-14 17:00:00,ICCS 014
8969,2025-01-14 17:00:00,ICCS 008
8966,2025-01-14 18:00:00,ICCS 008
10852,2025-01-14 18:00:00,ICCS 014
10849,2025-01-14 19:00:00,ICCS 014
8963,2025-01-14 19:00:00,ICCS 008
8960,2025-01-15 11:00:00,ICCS 008
10846,2025-01-15 11:00:00,ICCS 014
8957,2025-01-15 12:00:00,ICCS 008
10843,2025-01-15 12:00:00,ICCS 014
8954,2025-01-15 13:00:00,ICCS 008
10840,2025-01-15 13:00:00,ICCS 014
10966,2025-01-15 13:00:00,ICCS 014
10837,2025-01-15 14:00:00,ICCS 014
8951,2025-01-15 14:00:00,ICCS 008
11065,2025-01-15 14:00:00,ICCS 014
10834,2025-01-15 15:00:00,ICCS 014
11062,2025-01-15 15:00:00,ICCS 014
8948,2025-01-15 15:00:00,ICCS 008
10831,2025-01-15 16:00:00,ICCS 014
8945,2025-01-15 16:00:00,ICCS 008
10963,2025-01-15 16:00:00,ICCS 014
8942,2025-01-15 17:00:00,ICCS 008
10828,2025-01-15 17:00:00,ICCS 014
8939,2025-01-15 18:00:00,ICCS 008
10825,2025-01-15 18:00:00,ICCS 014
8936,2025-01-15 19:00:00,ICCS 008
10822,2025-01-15 19:00:00,ICCS 014
8933,2025-01-16 11:00:00,ICCS 008
10819,2025-01-16 11:00:00,ICCS 014
8930,2025-01-16 12:00:00,ICCS 008
10816,2025-01-16 12:00:00,ICCS 014
8927,2025-01-16 13:00:00,ICCS 008
10960,2025-01-16 13:00:00,ICCS 014
10813,2025-01-16 13:00:00,ICCS 014
10810,2025-01-16 14:00:00,ICCS 014
11059,2025-01-16 14:00:00,ICCS 014
8924,2025-01-16 14:00:00,ICCS 008
11056,2025-01-16 15:00:00,ICCS 014
10807,2025-01-16 15:00:00,ICCS 014
8921,2025-01-16 15:00:00,ICCS 008
8918,2025-01-16 16:00:00,ICCS 008
10804,2025-01-16 16:00:00,ICCS 014
10957,2025-01-16 16:00:00,ICCS 014
10801,2025-01-16 17:00:00,ICCS 014
8915,2025-01-16 17:00:00,ICCS 008
8912,2025-01-16 18:00:00,ICCS 008
10798,2025-01-16 18:00:00,ICCS 014
8909,2025-01-16 19:00:00,ICCS 008
10795,2025-01-16 19:00:00,ICCS 014
8906,2025-01-17 11:00:00,ICCS 008
10792,2025-01-17 11:00:00,ICCS 014
8903,2025-01-17 12:00:00,ICCS 008
10789,2025-01-17 12:00:00,ICCS 014
8900,2025-01-17 13:00:00,ICCS 008
10786,2025-01-17 13:00:00,ICCS 014
8897,2025-01-17 14:00:00,ICCS 008
10783,2025-01-17 14:00:00,ICCS 014
11053,2025-01-17 14:00:00,ICCS 014
8894,2025-01-17 15:00:00,ICCS 008
11050,2025-01-17 15:00:00,ICCS 014
10780,2025-01-17 15:00:00,ICCS 014
10777,2025-01-17 16:00:00,ICCS 014
8891,2025-01-17 16:00:00,ICCS 008
8888,2025-01-17 17:00:00,ICCS 008
10774,2025-01-17 17:00:00,ICCS 014
10771,2025-01-17 18:00:00,ICCS 014
8885,2025-01-17 18:00:00,ICCS 008
10768,2025-01-17 19:00:00,ICCS 014
8882,2025-01-17 19:00:00,ICCS 008
11047,2025-01-18 14:00:00,ICCS 014
10765,2025-01-18 14:00:00,ICCS 014
8879,2025-01-18 14:00:00,ICCS 008
8876,2025-01-18 15:00:00,ICCS 008
10762,2025-01-18 15:00:00,ICCS 014
11044,2025-01-18 15:00:00,ICCS 014
8873,2025-01-18 16:00:00,ICCS 008
10759,2025-01-18 16:00:00,ICCS 014
8870,2025-01-18 17:00:00,ICCS 008
10756,2025-01-18 17:00:00,ICCS 014
10753,2025-01-18 18:00:00,ICCS 014
8867,2025-01-18 18:00:00,ICCS 008
6512,2025-01-19 00:00:00,ICCS 008
6464,2025-01-19 00:00:00,ICCS 014
10750,2025-01-20 11:00:00,ICCS 014
8864,2025-01-20 11:00:00,ICCS 008
8861,2025-01-20 12:00:00,ICCS 008
10747,2025-01-20 12:00:00,ICCS 014
10744,2025-01-20 13:00:00,ICCS 014
8858,2025-01-20 13:00:00,ICCS 008
8855,2025-01-20 14:00:00,ICCS 008
10741,2025-01-20 14:00:00,ICCS 014
8852,2025-01-20 15:00:00,ICCS 008
10738,2025-01-20 15:00:00,ICCS 014
8849,2025-01-20 16:00:00,ICCS 008
10735,2025-01-20 16:00:00,ICCS 014
8846,2025-01-20 17:00:00,ICCS 008
10732,2025-01-20 17:00:00,ICCS 014
10729,2025-01-20 18:00:00,ICCS 014
8843,2025-01-20 18:00:00,ICCS 008
10726,2025-01-20 19:00:00,ICCS 014
8840,2025-01-20 19:00:00,ICCS 008
8837,2025-01-21 11:00:00,ICCS 008
10723,2025-01-21 11:00:00,ICCS 014
8834,2025-01-21 12:00:00,ICCS 008
10720,2025-01-21 12:00:00,ICCS 014
8831,2025-01-21 13:00:00,ICCS 008
10717,2025-01-21 13:00:00,ICCS 014
10714,2025-01-21 14:00:00,ICCS 014
8828,2025-01-21 14:00:00,ICCS 008
8825,2025-01-21 15:00:00,ICCS 008
10711,2025-01-21 15:00:00,ICCS 014
8822,2025-01-21 16:00:00,ICCS 008
10708,2025-01-21 16:00:00,ICCS 014
8819,2025-01-21 17:00:00,ICCS 008
10705,2025-01-21 17:00:00,ICCS 014
8816,2025-01-21 18:00:00,ICCS 008
10702,2025-01-21 18:00:00,ICCS 014
8813,2025-01-21 19:00:00,ICCS 008
10699,2025-01-21 19:00:00,ICCS 014
8810,2025-01-22 11:00:00,ICCS 008
10696,2025-01-22 11:00:00,ICCS 014
10693,2025-01-22 12:00:00,ICCS 014
8807,2025-01-22 12:00:00,ICCS 008
8804,2025-01-22 13:00:00,ICCS 008
10690,2025-01-22 13:00:00,ICCS 014
10687,2025-01-22 14:00:00,ICCS 014
8801,2025-01-22 14:00:00,ICCS 008
10684,2025-01-22 15:00:00,ICCS 014
8798,2025-01-22 15:00:00,ICCS 008
10681,2025-01-22 16:00:00,ICCS 014
8795,2025-01-22 16:00:00,ICCS 008
10678,2025-01-22 17:00:00,ICCS 014
8792,2025-01-22 17:00:00,ICCS 008
8789,2025-01-22 18:00:00,ICCS 008
10675,2025-01-22 18:00:00,ICCS 014
8786,2025-01-22 19:00:00,ICCS 008
10672,2025-01-22 19:00:00,ICCS 014
10669,2025-01-23 11:00:00,ICCS 014
8783,2025-01-23 11:00:00,ICCS 008
8780,2025-01-23 12:00:00,ICCS 008
10666,2025-01-23 12:00:00,ICCS 014
10663,2025-01-23 13:00:00,ICCS 014
8777,2025-01-23 13:00:00,ICCS 008
10660,2025-01-23 14:00:00,ICCS 014
8774,2025-01-23 14:00:00,ICCS 008
10657,2025-01-23 15:00:00,ICCS 014
8771,2025-01-23 15:00:00,ICCS 008
10654,2025-01-23 16:00:00,ICCS 014
8768,2025-01-23 16:00:00,ICCS 008
10651,2025-01-23 17:00:00,ICCS 014
8765,2025-01-23 17:00:00,ICCS 008
10648,2025-01-23 18:00:00,ICCS 014
8762,2025-01-23 18:00:00,ICCS 008
8759,2025-01-23 19:00:00,ICCS 008
10645,2025-01-23 19:00:00,ICCS 014
8756,2025-01-24 11:00:00,ICCS 008
10642,2025-01-24 11:00:00,ICCS 014
8753,2025-01-24 12:00:00,ICCS 008
10639,2025-01-24 12:00:00,ICCS 014
8750,2025-01-24 13:00:00,ICCS 008
10636,2025-01-24 13:00:00,ICCS 014
8747,2025-01-24 14:00:00,ICCS 008
10633,2025-01-24 14:00:00,ICCS 014
8744,2025-01-24 15:00:00,ICCS 008
10630,2025-01-24 15:00:00,ICCS 014
8741,2025-01-24 16:00:00,ICCS 008
10627,2025-01-24 16:00:00,ICCS 014
10624,2025-01-24 17:00:00,ICCS 014
8738,2025-01-24 17:00:00,ICCS 008
10621,2025-01-24 18:00:00,ICCS 014
8735,2025-01-24 18:00:00,ICCS 008
8732,2025-01-24 19:00:00,ICCS 008
10618,2025-01-24 19:00:00,ICCS 014
8729,2025-01-25 14:00:00,ICCS 008
10615,2025-01-25 14:00:00,ICCS 014
10612,2025-01-25 15:00:00,ICCS 014
8726,2025-01-25 15:00:00,ICCS 008
10609,2025-01-25 16:00:00,ICCS 014
8723,2025-01-25 16:00:00,ICCS 008
10606,2025-01-25 17:00:00,ICCS 014
8720,2025-01-25 17:00:00,ICCS 008
10603,2025-01-25 18:00:00,ICCS 014
8717,2025-01-25 18:00:00,ICCS 008
6460,2025-01-26 00:00:00,ICCS 014
6509,2025-01-26 00:00:00,ICCS 008
10600,2025-01-27 11:00:00,ICCS 014
8714,2025-01-27 11:00:00,ICCS 008
10597,2025-01-27 12:00:00,ICCS 014
8711,2025-01-27 12:00:00,ICCS 008
10594,2025-01-27 13:00:00,ICCS 014
8708,2025-01-27 13:00:00,ICCS 008
8705,2025-01-27 14:00:00,ICCS 008
10591,2025-01-27 14:00:00,ICCS 014
10588,2025-01-27 15:00:00,ICCS 014
8702,2025-01-27 15:00:00,ICCS 008
8699,2025-01-27 16:00:00,ICCS 008
10585,2025-01-27 16:00:00,ICCS 014
8696,2025-01-27 17:00:00,ICCS 008
10582,2025-01-27 17:00:00,ICCS 014
8693,2025-01-27 18:00:00,ICCS 008
10579,2025-01-27 18:00:00,ICCS 014
8690,2025-01-27 19:00:00,ICCS 008
10576,2025-01-27 19:00:00,ICCS 014
8687,2025-01-28 11:00:00,ICCS 008
10573,2025-01-28 11:00:00,ICCS 014
1630,2025-01-28 11:30:00,ICCS 008
8684,2025-01-28 12:00:00,ICCS 008
10570,2025-01-28 12:00:00,ICCS 014
10567,2025-01-28 13:00:00,ICCS 014
8681,2025-01-28 13:00:00,ICCS 008
10564,2025-01-28 14:00:00,ICCS 014
8678,2025-01-28 14:00:00,ICCS 008
10561,2025-01-28 15:00:00,ICCS 014
8675,2025-01-28 15:00:00,ICCS 008
8672,2025-01-28 16:00:00,ICCS 008
10558,2025-01-28 16:00:00,ICCS 014
10555,2025-01-28 17:00:00,ICCS 014
8669,2025-01-28 17:00:00,ICCS 008
10552,2025-01-28 18:00:00,ICCS 014
8666,2025-01-28 18:00:00,ICCS 008
8663,2025-01-28 19:00:00,ICCS 008
10549,2025-01-28 19:00:00,ICCS 014
10546,2025-01-29 11:00:00,ICCS 014
8660,2025-01-29 11:00:00,ICCS 008
1624,2025-01-29 11:30:00,ICCS 008
10543,2025-01-29 12:00:00,ICCS 014
8657,2025-01-29 12:00:00,ICCS 008
1584,2025-01-29 12:30:00,ICCS 008
10540,2025-01-29 13:00:00,ICCS 014
8654,2025-01-29 13:00:00,ICCS 008
10537,2025-01-29 14:00:00,ICCS 014
8651,2025-01-29 14:00:00,ICCS 008
10534,2025-01-29 15:00:00,ICCS 014
8648,2025-01-29 15:00:00,ICCS 008
10531,2025-01-29 16:00:00,ICCS 014
8645,2025-01-29 16:00:00,ICCS 008
8642,2025-01-29 17:00:00,ICCS 008
10528,2025-01-29 17:00:00,ICCS 014
10525,2025-01-29 18:00:00,ICCS 014
8639,2025-01-29 18:00:00,ICCS 008
10522,2025-01-29 19:00:00,ICCS 014
8636,2025-01-29 19:00:00,ICCS 008
10519,2025-01-30 11:00:00,ICCS 014
8633,2025-01-30 11:00:00,ICCS 008
10516,2025-01-30 12:00:00,ICCS 014
8630,2025-01-30 12:00:00,ICCS 008
8627,2025-01-30 13:00:00,ICCS 008
10513,2025-01-30 13:00:00,ICCS 014
10510,2025-01-30 14:00:00,ICCS 014
8624,2025-01-30 14:00:00,ICCS 008
10507,2025-01-30 15:00:00,ICCS 014
8621,2025-01-30 15:00:00,ICCS 008
8618,2025-01-30 16:00:00,ICCS 008
10504,2025-01-30 16:00:00,ICCS 014
8615,2025-01-30 17:00:00,ICCS 008
10501,2025-01-30 17:00:00,ICCS 014
8612,2025-01-30 18:00:00,ICCS 008
10498,2025-01-30 18:00:00,ICCS 014
10495,2025-01-30 19:00:00,ICCS 014
8609,2025-01-30 19:00:00,ICCS 008
1330,2025-01-31 10:00:00,ICCS 008
2382,2025-01-31 10:00:00,ICCS 014
2378,2025-01-31 10:30:00,ICCS 014
8606,2025-01-31 11:00:00,ICCS 008
10492,2025-01-31 11:00:00,ICCS 014
8603,2025-01-31 12:00:00,ICCS 008
10489,2025-01-31 12:00:00,ICCS 014
8600,2025-01-31 13:00:00,ICCS 008
10486,2025-01-31 13:00:00,ICCS 014
10483,2025-01-31 14:00:00,ICCS 014
8597,2025-01-31 14:00:00,ICCS 008
10480,2025-01-31 15:00:00,ICCS 014
8594,2025-01-31 15:00:00,ICCS 008
10477,2025-01-31 16:00:00,ICCS 014
8591,2025-01-31 16:00:00,ICCS 008
10474,2025-01-31 17:00:00,ICCS 014
8588,2025-01-31 17:00:00,ICCS 008
10471,2025-01-31 18:00:00,ICCS 014
8585,2025-01-31 18:00:00,ICCS 008
8582,2025-01-31 19:00:00,ICCS 008
2374,2025-01-31 19:00:00,ICCS 014
10468,2025-01-31 19:00:00,ICCS 014
1333,2025-01-31 20:00:00,ICCS 008
1338,2025-01-31 20:00:00,ICCS 014
2369,2025-01-31 20:30:00,ICCS 014
10465,2025-02-01 14:00:00,ICCS 014
8579,2025-02-01 14:00:00,ICCS 008
8576,2025-02-01 15:00:00,ICCS 008
2354,2025-02-01 15:00:00,ICCS 008
10462,2025-02-01 15:00:00,ICCS 014
2350,2025-02-01 15:30:00,ICCS 008
10459,2025-02-01 16:00:00,ICCS 014
8573,2025-02-01 16:00:00,ICCS 008
2364,2025-02-01 17:00:00,ICCS 008
10456,2025-02-01 17:00:00,ICCS 014
8570,2025-02-01 17:00:00,ICCS 008
2360,2025-02-01 17:30:00,ICCS 008
8567,2025-02-01 18:00:00,ICCS 008
10453,2025-02-01 18:00:00,ICCS 014
2070,2025-02-01 19:00:00,ICCS 014
2066,2025-02-01 19:00:00,ICCS 008
6456,2025-02-02 00:00:00,ICCS 014
6506,2025-02-02 00:00:00,ICCS 008
1653,2025-02-03 00:00:00,ICCS 008
930,2025-02-03 10:00:00,ICCS 008
8564,2025-02-03 11:00:00,ICCS 008
10450,2025-02-03 11:00:00,ICCS 014
2341,2025-02-03 11:30:00,ICCS 008
8561,2025-02-03 12:00:00,ICCS 008
10447,2025-02-03 12:00:00,ICCS 014
8558,2025-02-03 13:00:00,ICCS 008
10444,2025-02-03 13:00:00,ICCS 014
8555,2025-02-03 14:00:00,ICCS 008
10441,2025-02-03 14:00:00,ICCS 014
8552,2025-02-03 15:00:00,ICCS 008
10438,2025-02-03 15:00:00,ICCS 014
10435,2025-02-03 16:00:00,ICCS 014
8549,2025-02-03 16:00:00,ICCS 008
10432,2025-02-03 17:00:00,ICCS 014
8546,2025-02-03 17:00:00,ICCS 008
1571,2025-02-03 17:30:00,ICCS 008
8543,2025-02-03 18:00:00,ICCS 008
10429,2025-02-03 18:00:00,ICCS 014
8540,2025-02-03 19:00:00,ICCS 008
10426,2025-02-03 19:00:00,ICCS 014
1648,2025-02-03 20:30:00,ICCS 008
8537,2025-02-04 11:00:00,ICCS 008
10423,2025-02-04 11:00:00,ICCS 014
10420,2025-02-04 12:00:00,ICCS 014
8534,2025-02-04 12:00:00,ICCS 008
10417,2025-02-04 13:00:00,ICCS 014
8531,2025-02-04 13:00:00,ICCS 008
1560,2025-02-04 13:30:00,ICCS 008
10414,2025-02-04 14:00:00,ICCS 014
8528,2025-02-04 14:00:00,ICCS 008
8525,2025-02-04 15:00:00,ICCS 008
10411,2025-02-04 15:00:00,ICCS 014
8522,2025-02-04 16:00:00,ICCS 008
10408,2025-02-04 16:00:00,ICCS 014
8519,2025-02-04 17:00:00,ICCS 008
10405,2025-02-04 17:00:00,ICCS 014
10402,2025-02-04 18:00:00,ICCS 014
8516,2025-02-04 18:00:00,ICCS 008
10399,2025-02-04 19:00:00,ICCS 014
8513,2025-02-04 19:00:00,ICCS 008
2327,2025-02-04 19:30:00,ICCS 008
994,2025-02-05 09:00:00,ICCS 014
926,2025-02-05 10:00:00,ICCS 008
991,2025-02-05 10:00:00,ICCS 014
10396,2025-02-05 11:00:00,ICCS 014
8510,2025-02-05 11:00:00,ICCS 008
1706,2025-02-05 11:30:00,ICCS 008
10393,2025-02-05 12:00:00,ICCS 014
8507,2025-02-05 12:00:00,ICCS 008
951,2025-02-05 12:30:00,ICCS 008
10390,2025-02-05 13:00:00,ICCS 014
8504,2025-02-05 13:00:00,ICCS 008
2334,2025-02-05 13:30:00,ICCS 008
8501,2025-02-05 14:00:00,ICCS 008
10387,2025-02-05 14:00:00,ICCS 014
10384,2025-02-05 15:00:00,ICCS 014
8498,2025-02-05 15:00:00,ICCS 008
10381,2025-02-05 16:00:00,ICCS 014
8495,2025-02-05 16:00:00,ICCS 008
10378,2025-02-05 17:00:00,ICCS 014
8492,2025-02-05 17:00:00,ICCS 008
10375,2025-02-05 18:00:00,ICCS 014
8489,2025-02-05 18:00:00,ICCS 008
10372,2025-02-05 19:00:00,ICCS 014
8486,2025-02-05 19:00:00,ICCS 008
988,2025-02-06 09:00:00,ICCS 014
923,2025-02-06 10:00:00,ICCS 008
985,2025-02-06 10:00:00,ICCS 014
10369,2025-02-06 11:00:00,ICCS 014
8483,2025-02-06 11:00:00,ICCS 008
10366,2025-02-06 12:00:00,ICCS 014
8480,2025-02-06 12:00:00,ICCS 008
940,2025-02-06 12:30:00,ICCS 008
10363,2025-02-06 13:00:00,ICCS 014
8477,2025-02-06 13:00:00,ICCS 008
1713,2025-02-06 13:00:00,ICCS 008
10360,2025-02-06 14:00:00,ICCS 014
8474,2025-02-06 14:00:00,ICCS 008
8471,2025-02-06 15:00:00,ICCS 008
10357,2025-02-06 15:00:00,ICCS 014
1375,2025-02-06 15:30:00,ICCS 008
10354,2025-02-06 16:00:00,ICCS 014
8468,2025-02-06 16:00:00,ICCS 008
1393,2025-02-06 16:30:00,ICCS 008
10351,2025-02-06 17:00:00,ICCS 014
8465,2025-02-06 17:00:00,ICCS 008
10348,2025-02-06 18:00:00,ICCS 014
8462,2025-02-06 18:00:00,ICCS 008
868,2025-02-06 18:30:00,ICCS 008
10345,2025-02-06 19:00:00,ICCS 014
8459,2025-02-06 19:00:00,ICCS 008
853,2025-02-06 20:00:00,ICCS 008
856,2025-02-06 20:00:00,ICCS 014
961,2025-02-06 20:00:00,ICCS 014
982,2025-02-07 09:00:00,ICCS 014
920,2025-02-07 10:00:00,ICCS 008
979,2025-02-07 10:00:00,ICCS 014
894,2025-02-07 10:30:00,ICCS 008
10342,2025-02-07 11:00:00,ICCS 014
8456,2025-02-07 11:00:00,ICCS 008
10339,2025-02-07 12:00:00,ICCS 014
8453,2025-02-07 12:00:00,ICCS 008
8450,2025-02-07 13:00:00,ICCS 008
10336,2025-02-07 13:00:00,ICCS 014
10333,2025-02-07 14:00:00,ICCS 014
8447,2025-02-07 14:00:00,ICCS 008
8444,2025-02-07 15:00:00,ICCS 008
10330,2025-02-07 15:00:00,ICCS 014
10327,2025-02-07 16:00:00,ICCS 014
8441,2025-02-07 16:00:00,ICCS 008
8438,2025-02-07 17:00:00,ICCS 008
10324,2025-02-07 17:00:00,ICCS 014
8435,2025-02-07 18:00:00,ICCS 008
10321,2025-02-07 18:00:00,ICCS 014
8432,2025-02-07 19:00:00,ICCS 008
10318,2025-02-07 19:00:00,ICCS 014
1702,2025-02-07 20:00:00,ICCS 008
1405,2025-02-07 20:00:00,ICCS 014
1697,2025-02-07 20:30:00,ICCS 008
1401,2025-02-07 20:30:00,ICCS 014
976,2025-02-08 09:00:00,ICCS 014
973,2025-02-08 10:00:00,ICCS 014
905,2025-02-08 11:00:00,ICCS 014
970,2025-02-08 11:00:00,ICCS 014
901,2025-02-08 11:00:00,ICCS 008
914,2025-02-08 12:00:00,ICCS 008
967,2025-02-08 12:00:00,ICCS 014
964,2025-02-08 13:00:00,ICCS 014
911,2025-02-08 13:00:00,ICCS 008
8429,2025-02-08 14:00:00,ICCS 008
10315,2025-02-08 14:00:00,ICCS 014
10312,2025-02-08 15:00:00,ICCS 014
8426,2025-02-08 15:00:00,ICCS 008
10309,2025-02-08 16:00:00,ICCS 014
8423,2025-02-08 16:00:00,ICCS 008
10306,2025-02-08 17:00:00,ICCS 014
8420,2025-02-08 17:00:00,ICCS 008
8417,2025-02-08 18:00:00,ICCS 008
10303,2025-02-08 18:00:00,ICCS 014
850,2025-02-08 19:00:00,ICCS 014
958,2025-02-08 19:00:00,ICCS 014
847,2025-02-08 19:00:00,ICCS 008
6503,2025-02-09 00:00:00,ICCS 008
6452,2025-02-09 00:00:00,ICCS 014
737,2025-02-09 13:00:00,ICCS 014
733,2025-02-09 14:00:00,ICCS 014
730,2025-02-09 15:00:00,ICCS 014
727,2025-02-09 16:00:00,ICCS 014
724,2025-02-09 17:00:00,ICCS 014
678,2025-02-10 10:00:00,ICCS 014
686,2025-02-10 10:00:00,ICCS 008
674,2025-02-10 10:30:00,ICCS 014
682,2025-02-10 10:30:00,ICCS 008
8414,2025-02-10 11:00:00,ICCS 008
10300,2025-02-10 11:00:00,ICCS 014
8411,2025-02-10 12:00:00,ICCS 008
10297,2025-02-10 12:00:00,ICCS 014
8408,2025-02-10 13:00:00,ICCS 008
10294,2025-02-10 13:00:00,ICCS 014
8405,2025-02-10 14:00:00,ICCS 008
10291,2025-02-10 14:00:00,ICCS 014
8402,2025-02-10 15:00:00,ICCS 008
10288,2025-02-10 15:00:00,ICCS 014
1133,2025-02-10 15:30:00,ICCS 008
10285,2025-02-10 16:00:00,ICCS 014
8399,2025-02-10 16:00:00,ICCS 008
8396,2025-02-10 17:00:00,ICCS 008
10282,2025-02-10 17:00:00,ICCS 014
1668,2025-02-10 17:30:00,ICCS 008
10279,2025-02-10 18:00:00,ICCS 014
8393,2025-02-10 18:00:00,ICCS 008
10276,2025-02-10 19:00:00,ICCS 014
8390,2025-02-10 19:00:00,ICCS 008
1798,2025-02-10 20:30:00,ICCS 008
1793,2025-02-11 00:00:00,ICCS 008
696,2025-02-11 10:00:00,ICCS 008
692,2025-02-11 10:30:00,ICCS 008
8387,2025-02-11 11:00:00,ICCS 008
10273,2025-02-11 11:00:00,ICCS 014
8384,2025-02-11 12:00:00,ICCS 008
10270,2025-02-11 12:00:00,ICCS 014
1432,2025-02-11 12:30:00,ICCS 008
1440,2025-02-11 12:30:00,ICCS 008
8381,2025-02-11 13:00:00,ICCS 008
10267,2025-02-11 13:00:00,ICCS 014
1119,2025-02-11 13:30:00,ICCS 008
10264,2025-02-11 14:00:00,ICCS 014
8378,2025-02-11 14:00:00,ICCS 008
10261,2025-02-11 15:00:00,ICCS 014
8375,2025-02-11 15:00:00,ICCS 008
10258,2025-02-11 16:00:00,ICCS 014
8372,2025-02-11 16:00:00,ICCS 008
1125,2025-02-11 16:30:00,ICCS 008
10255,2025-02-11 17:00:00,ICCS 014
8369,2025-02-11 17:00:00,ICCS 008
1661,2025-02-11 17:30:00,ICCS 008
8366,2025-02-11 18:00:00,ICCS 008
10252,2025-02-11 18:00:00,ICCS 014
10249,2025-02-11 19:00:00,ICCS 014
8363,2025-02-11 19:00:00,ICCS 008
1787,2025-02-11 20:30:00,ICCS 014
699,2025-02-12 10:00:00,ICCS 008
702,2025-02-12 10:00:00,ICCS 014
706,2025-02-12 10:00:00,ICCS 014
10246,2025-02-12 11:00:00,ICCS 014
8360,2025-02-12 11:00:00,ICCS 008
10243,2025-02-12 12:00:00,ICCS 014
8357,2025-02-12 12:00:00,ICCS 008
10240,2025-02-12 13:00:00,ICCS 014
8354,2025-02-12 13:00:00,ICCS 008
10237,2025-02-12 14:00:00,ICCS 014
8351,2025-02-12 14:00:00,ICCS 008
10234,2025-02-12 15:00:00,ICCS 014
8348,2025-02-12 15:00:00,ICCS 008
8345,2025-02-12 16:00:00,ICCS 008
10231,2025-02-12 16:00:00,ICCS 014
806,2025-02-12 16:30:00,ICCS 008
8342,2025-02-12 17:00:00,ICCS 008
10228,2025-02-12 17:00:00,ICCS 014
1109,2025-02-12 17:30:00,ICCS 008
10225,2025-02-12 18:00:00,ICCS 014
8339,2025-02-12 18:00:00,ICCS 008
8336,2025-02-12 19:00:00,ICCS 008
10222,2025-02-12 19:00:00,ICCS 014
8333,2025-02-13 11:00:00,ICCS 008
10219,2025-02-13 11:00:00,ICCS 014
8330,2025-02-13 12:00:00,ICCS 008
10216,2025-02-13 12:00:00,ICCS 014
8327,2025-02-13 13:00:00,ICCS 008
10213,2025-02-13 13:00:00,ICCS 014
8324,2025-02-13 14:00:00,ICCS 008
10210,2025-02-13 14:00:00,ICCS 014
1412,2025-02-13 14:30:00,ICCS 008
10207,2025-02-13 15:00:00,ICCS 014
8321,2025-02-13 15:00:00,ICCS 008
8318,2025-02-13 16:00:00,ICCS 008
10204,2025-02-13 16:00:00,ICCS 014
10201,2025-02-13 17:00:00,ICCS 014
8315,2025-02-13 17:00:00,ICCS 008
1145,2025-02-13 17:30:00,ICCS 008
10198,2025-02-13 18:00:00,ICCS 014
8312,2025-02-13 18:00:00,ICCS 008
8309,2025-02-13 19:00:00,ICCS 008
10195,2025-02-13 19:00:00,ICCS 014
642,2025-02-14 10:00:00,ICCS 008
1186,2025-02-14 10:00:00,ICCS 014
630,2025-02-14 10:30:00,ICCS 008
1181,2025-02-14 10:30:00,ICCS 014
10192,2025-02-14 11:00:00,ICCS 014
8306,2025-02-14 11:00:00,ICCS 008
10189,2025-02-14 12:00:00,ICCS 014
8303,2025-02-14 12:00:00,ICCS 008
8300,2025-02-14 13:00:00,ICCS 008
10186,2025-02-14 13:00:00,ICCS 014
8297,2025-02-14 14:00:00,ICCS 008
10183,2025-02-14 14:00:00,ICCS 014
8294,2025-02-14 15:00:00,ICCS 008
10180,2025-02-14 15:00:00,ICCS 014
8291,2025-02-14 16:00:00,ICCS 008
10177,2025-02-14 16:00:00,ICCS 014
8288,2025-02-14 17:00:00,ICCS 008
10174,2025-02-14 17:00:00,ICCS 014
8285,2025-02-14 18:00:00,ICCS 008
10171,2025-02-14 18:00:00,ICCS 014
10168,2025-02-14 19:00:00,ICCS 014
8282,2025-02-14 19:00:00,ICCS 008
214,2025-02-14 20:00:00,ICCS 014
210,2025-02-14 20:30:00,ICCS 014
608,2025-02-15 13:00:00,ICCS 014
613,2025-02-15 13:00:00,ICCS 014
8279,2025-02-15 14:00:00,ICCS 008
10165,2025-02-15 14:00:00,ICCS 014
8276,2025-02-15 15:00:00,ICCS 008
10162,2025-02-15 15:00:00,ICCS 014
8273,2025-02-15 16:00:00,ICCS 008
10159,2025-02-15 16:00:00,ICCS 014
8270,2025-02-15 17:00:00,ICCS 008
10156,2025-02-15 17:00:00,ICCS 014
8267,2025-02-15 18:00:00,ICCS 008
10153,2025-02-15 18:00:00,ICCS 014
6448,2025-02-16 00:00:00,ICCS 014
6500,2025-02-16 00:00:00,ICCS 008
6394,2025-02-17 00:00:00,ICCS 014
6398,2025-02-17 00:00:00,ICCS 008
1212,2025-02-17 11:00:00,ICCS 014
8264,2025-02-17 11:00:00,ICCS 008
10150,2025-02-17 11:00:00,ICCS 014
1074,2025-02-17 11:00:00,ICCS 008
1207,2025-02-17 11:30:00,ICCS 014
1069,2025-02-17 11:30:00,ICCS 008
8261,2025-02-17 12:00:00,ICCS 008
10147,2025-02-17 12:00:00,ICCS 014
1105,2025-02-17 12:00:00,ICCS 014
1100,2025-02-17 12:30:00,ICCS 014
8258,2025-02-17 13:00:00,ICCS 008
10144,2025-02-17 13:00:00,ICCS 014
10141,2025-02-17 14:00:00,ICCS 014
8255,2025-02-17 14:00:00,ICCS 008
8252,2025-02-17 15:00:00,ICCS 008
10138,2025-02-17 15:00:00,ICCS 014
10135,2025-02-17 16:00:00,ICCS 014
8249,2025-02-17 16:00:00,ICCS 008
10132,2025-02-17 17:00:00,ICCS 014
8246,2025-02-17 17:00:00,ICCS 008
10129,2025-02-17 18:00:00,ICCS 014
8243,2025-02-17 18:00:00,ICCS 008
8240,2025-02-17 19:00:00,ICCS 008
10126,2025-02-17 19:00:00,ICCS 014
6301,2025-02-18 00:00:00,ICCS 014
6317,2025-02-18 00:00:00,ICCS 008
8237,2025-02-18 11:00:00,ICCS 008
10123,2025-02-18 11:00:00,ICCS 014
8234,2025-02-18 12:00:00,ICCS 008
10120,2025-02-18 12:00:00,ICCS 014
10117,2025-02-18 13:00:00,ICCS 014
8231,2025-02-18 13:00:00,ICCS 008
10114,2025-02-18 14:00:00,ICCS 014
8228,2025-02-18 14:00:00,ICCS 008
10111,2025-02-18 15:00:00,ICCS 014
8225,2025-02-18 15:00:00,ICCS 008
10108,2025-02-18 16:00:00,ICCS 014
8222,2025-02-18 16:00:00,ICCS 008
8219,2025-02-18 17:00:00,ICCS 008
204,2025-02-18 17:00:00,ICCS 014
10105,2025-02-18 17:00:00,ICCS 014
200,2025-02-18 17:30:00,ICCS 014
8216,2025-02-18 18:00:00,ICCS 008
10102,2025-02-18 18:00:00,ICCS 014
8213,2025-02-18 19:00:00,ICCS 008
10099,2025-02-18 19:00:00,ICCS 014
6313,2025-02-19 00:00:00,ICCS 008
6297,2025-02-19 00:00:00,ICCS 014
486,2025-02-19 11:00:00,ICCS 008
10096,2025-02-19 11:00:00,ICCS 014
1198,2025-02-19 11:00:00,ICCS 014
8210,2025-02-19 11:00:00,ICCS 008
481,2025-02-19 11:30:00,ICCS 008
1194,2025-02-19 11:30:00,ICCS 014
1095,2025-02-19 12:00:00,ICCS 014
10093,2025-02-19 12:00:00,ICCS 014
8207,2025-02-19 12:00:00,ICCS 008
1090,2025-02-19 12:30:00,ICCS 014
10090,2025-02-19 13:00:00,ICCS 014
8204,2025-02-19 13:00:00,ICCS 008
10087,2025-02-19 14:00:00,ICCS 014
8201,2025-02-19 14:00:00,ICCS 008
8198,2025-02-19 15:00:00,ICCS 008
10084,2025-02-19 15:00:00,ICCS 014
10081,2025-02-19 16:00:00,ICCS 014
8195,2025-02-19 16:00:00,ICCS 008
8192,2025-02-19 17:00:00,ICCS 008
10078,2025-02-19 17:00:00,ICCS 014
8189,2025-02-19 18:00:00,ICCS 008
10075,2025-02-19 18:00:00,ICCS 014
8186,2025-02-19 19:00:00,ICCS 008
10072,2025-02-19 19:00:00,ICCS 014
6309,2025-02-20 00:00:00,ICCS 008
6293,2025-02-20 00:00:00,ICCS 014
8183,2025-02-20 11:00:00,ICCS 008
10069,2025-02-20 11:00:00,ICCS 014
8180,2025-02-20 12:00:00,ICCS 008
10066,2025-02-20 12:00:00,ICCS 014
8177,2025-02-20 13:00:00,ICCS 008
10063,2025-02-20 13:00:00,ICCS 014
8174,2025-02-20 14:00:00,ICCS 008
10060,2025-02-20 14:00:00,ICCS 014
8171,2025-02-20 15:00:00,ICCS 008
10057,2025-02-20 15:00:00,ICCS 014
10054,2025-02-20 16:00:00,ICCS 014
8168,2025-02-20 16:00:00,ICCS 008
10051,2025-02-20 17:00:00,ICCS 014
8165,2025-02-20 17:00:00,ICCS 008
10048,2025-02-20 18:00:00,ICCS 014
8162,2025-02-20 18:00:00,ICCS 008
10045,2025-02-20 19:00:00,ICCS 014
8159,2025-02-20 19:00:00,ICCS 008
6289,2025-02-21 00:00:00,ICCS 014
6305,2025-02-21 00:00:00,ICCS 008
10042,2025-02-21 11:00:00,ICCS 014
8156,2025-02-21 11:00:00,ICCS 008
8153,2025-02-21 12:00:00,ICCS 008
10039,2025-02-21 12:00:00,ICCS 014
8150,2025-02-21 13:00:00,ICCS 008
10036,2025-02-21 13:00:00,ICCS 014
8147,2025-02-21 14:00:00,ICCS 008
10033,2025-02-21 14:00:00,ICCS 014
10030,2025-02-21 15:00:00,ICCS 014
8144,2025-02-21 15:00:00,ICCS 008
10027,2025-02-21 16:00:00,ICCS 014
8141,2025-02-21 16:00:00,ICCS 008
10024,2025-02-21 17:00:00,ICCS 014
8138,2025-02-21 17:00:00,ICCS 008
8135,2025-02-21 18:00:00,ICCS 008
10021,2025-02-21 18:00:00,ICCS 014
10018,2025-02-21 19:00:00,ICCS 014
8132,2025-02-21 19:00:00,ICCS 008
6275,2025-02-22 00:00:00,ICCS 008
6271,2025-02-22 00:00:00,ICCS 014
8129,2025-02-22 14:00:00,ICCS 008
10015,2025-02-22 14:00:00,ICCS 014
10012,2025-02-22 15:00:00,ICCS 014
8126,2025-02-22 15:00:00,ICCS 008
10009,2025-02-22 16:00:00,ICCS 014
8123,2025-02-22 16:00:00,ICCS 008
10006,2025-02-22 17:00:00,ICCS 014
8120,2025-02-22 17:00:00,ICCS 008
10003,2025-02-22 18:00:00,ICCS 014
8117,2025-02-22 18:00:00,ICCS 008
6444,2025-02-23 00:00:00,ICCS 014
6497,2025-02-23 00:00:00,ICCS 008
8114,2025-02-24 11:00:00,ICCS 008
10000,2025-02-24 11:00:00,ICCS 014
9997,2025-02-24 12:00:00,ICCS 014
8111,2025-02-24 12:00:00,ICCS 008
9994,2025-02-24 13:00:00,ICCS 014
8108,2025-02-24 13:00:00,ICCS 008
9991,2025-02-24 14:00:00,ICCS 014
8105,2025-02-24 14:00:00,ICCS 008
8102,2025-02-24 15:00:00,ICCS 008
9988,2025-02-24 15:00:00,ICCS 014
8099,2025-02-24 16:00:00,ICCS 008
9985,2025-02-24 16:00:00,ICCS 014
463,2025-02-24 16:30:00,ICCS 008
471,2025-02-24 16:30:00,ICCS 014
9982,2025-02-24 17:00:00,ICCS 014
8096,2025-02-24 17:00:00,ICCS 008
3952,2025-02-24 17:00:00,ICCS 014
3957,2025-02-24 17:00:00,ICCS 008
9979,2025-02-24 18:00:00,ICCS 014
3947,2025-02-24 18:00:00,ICCS 008
3942,2025-02-24 18:00:00,ICCS 014
8093,2025-02-24 18:00:00,ICCS 008
9976,2025-02-24 19:00:00,ICCS 014
8090,2025-02-24 19:00:00,ICCS 008
8087,2025-02-25 11:00:00,ICCS 008
9973,2025-02-25 11:00:00,ICCS 014
8084,2025-02-25 12:00:00,ICCS 008
9970,2025-02-25 12:00:00,ICCS 014
8081,2025-02-25 13:00:00,ICCS 008
9967,2025-02-25 13:00:00,ICCS 014
9964,2025-02-25 14:00:00,ICCS 014
8078,2025-02-25 14:00:00,ICCS 008
451,2025-02-25 14:30:00,ICCS 008
9961,2025-02-25 15:00:00,ICCS 014
8075,2025-02-25 15:00:00,ICCS 008
8072,2025-02-25 16:00:00,ICCS 008
9958,2025-02-25 16:00:00,ICCS 014
8069,2025-02-25 17:00:00,ICCS 008
9955,2025-02-25 17:00:00,ICCS 014
180,2025-02-25 17:30:00,ICCS 008
8066,2025-02-25 18:00:00,ICCS 008
9952,2025-02-25 18:00:00,ICCS 014
193,2025-02-25 18:30:00,ICCS 008
8063,2025-02-25 19:00:00,ICCS 008
9949,2025-02-25 19:00:00,ICCS 014
8060,2025-02-26 11:00:00,ICCS 008
9946,2025-02-26 11:00:00,ICCS 014
8057,2025-02-26 12:00:00,ICCS 008
9943,2025-02-26 12:00:00,ICCS 014
8054,2025-02-26 13:00:00,ICCS 008
9940,2025-02-26 13:00:00,ICCS 014
9937,2025-02-26 14:00:00,ICCS 014
8051,2025-02-26 14:00:00,ICCS 008
8048,2025-02-26 15:00:00,ICCS 008
9934,2025-02-26 15:00:00,ICCS 014
9931,2025-02-26 16:00:00,ICCS 014
8045,2025-02-26 16:00:00,ICCS 008
9928,2025-02-26 17:00:00,ICCS 014
8042,2025-02-26 17:00:00,ICCS 008
442,2025-02-26 17:30:00,ICCS 008
9925,2025-02-26 18:00:00,ICCS 014
8039,2025-02-26 18:00:00,ICCS 008
9922,2025-02-26 19:00:00,ICCS 014
8036,2025-02-26 19:00:00,ICCS 008
9919,2025-02-27 11:00:00,ICCS 014
8033,2025-02-27 11:00:00,ICCS 008
9916,2025-02-27 12:00:00,ICCS 014
8030,2025-02-27 12:00:00,ICCS 008
8027,2025-02-27 13:00:00,ICCS 008
9913,2025-02-27 13:00:00,ICCS 014
8024,2025-02-27 14:00:00,ICCS 008
9910,2025-02-27 14:00:00,ICCS 014
8021,2025-02-27 15:00:00,ICCS 008
9907,2025-02-27 15:00:00,ICCS 014
9904,2025-02-27 16:00:00,ICCS 014
8018,2025-02-27 16:00:00,ICCS 008
8015,2025-02-27 17:00:00,ICCS 008
9901,2025-02-27 17:00:00,ICCS 014
9898,2025-02-27 18:00:00,ICCS 014
8012,2025-02-27 18:00:00,ICCS 008
9895,2025-02-27 19:00:00,ICCS 014
8009,2025-02-27 19:00:00,ICCS 008
1874,2025-02-28 10:30:00,ICCS 008
1881,2025-02-28 10:30:00,ICCS 014
8006,2025-02-28 11:00:00,ICCS 008
9892,2025-02-28 11:00:00,ICCS 014
1862,2025-02-28 11:30:00,ICCS 008
1868,2025-02-28 11:30:00,ICCS 014
8003,2025-02-28 12:00:00,ICCS 008
9889,2025-02-28 12:00:00,ICCS 014
8000,2025-02-28 13:00:00,ICCS 008
9886,2025-02-28 13:00:00,ICCS 014
7997,2025-02-28 14:00:00,ICCS 008
9883,2025-02-28 14:00:00,ICCS 014
7994,2025-02-28 15:00:00,ICCS 008
9880,2025-02-28 15:00:00,ICCS 014
427,2025-02-28 15:30:00,ICCS 008
7991,2025-02-28 16:00:00,ICCS 008
9877,2025-02-28 16:00:00,ICCS 014
7988,2025-02-28 17:00:00,ICCS 008
9874,2025-02-28 17:00:00,ICCS 014
9871,2025-02-28 18:00:00,ICCS 014
7985,2025-02-28 18:00:00,ICCS 008
7982,2025-02-28 19:00:00,ICCS 008
9868,2025-02-28 19:00:00,ICCS 014
65,2025-03-01 13:00:00,ICCS 008
69,2025-03-01 13:00:00,ICCS 014
72,2025-03-01 13:00:00,ICCS 014
48,2025-03-01 13:00:00,ICCS 014
51,2025-03-01 13:00:00,ICCS 014
44,2025-03-01 13:00:00,ICCS 008
7979,2025-03-01 14:00:00,ICCS 008
9865,2025-03-01 14:00:00,ICCS 014
7976,2025-03-01 15:00:00,ICCS 008
9862,2025-03-01 15:00:00,ICCS 014
9859,2025-03-01 16:00:00,ICCS 014
7973,2025-03-01 16:00:00,ICCS 008
7970,2025-03-01 17:00:00,ICCS 008
9856,2025-03-01 17:00:00,ICCS 014
7967,2025-03-01 18:00:00,ICCS 008
9853,2025-03-01 18:00:00,ICCS 014
6494,2025-03-02 00:00:00,ICCS 008
6440,2025-03-02 00:00:00,ICCS 014
7964,2025-03-03 11:00:00,ICCS 008
9850,2025-03-03 11:00:00,ICCS 014
7961,2025-03-03 12:00:00,ICCS 008
9847,2025-03-03 12:00:00,ICCS 014
9844,2025-03-03 13:00:00,ICCS 014
7958,2025-03-03 13:00:00,ICCS 008
7955,2025-03-03 14:00:00,ICCS 008
9841,2025-03-03 14:00:00,ICCS 014
9838,2025-03-03 15:00:00,ICCS 014
7952,2025-03-03 15:00:00,ICCS 008
9835,2025-03-03 16:00:00,ICCS 014
7949,2025-03-03 16:00:00,ICCS 008
9832,2025-03-03 17:00:00,ICCS 014
7946,2025-03-03 17:00:00,ICCS 008
9829,2025-03-03 18:00:00,ICCS 014
7943,2025-03-03 18:00:00,ICCS 008
9826,2025-03-03 19:00:00,ICCS 014
7940,2025-03-03 19:00:00,ICCS 008
7937,2025-03-04 11:00:00,ICCS 008
9823,2025-03-04 11:00:00,ICCS 014
7934,2025-03-04 12:00:00,ICCS 008
9820,2025-03-04 12:00:00,ICCS 014
7931,2025-03-04 13:00:00,ICCS 008
9817,2025-03-04 13:00:00,ICCS 014
9814,2025-03-04 14:00:00,ICCS 014
7928,2025-03-04 14:00:00,ICCS 008
9811,2025-03-04 15:00:00,ICCS 014
7925,2025-03-04 15:00:00,ICCS 008
9808,2025-03-04 16:00:00,ICCS 014
7922,2025-03-04 16:00:00,ICCS 008
7919,2025-03-04 17:00:00,ICCS 008
9805,2025-03-04 17:00:00,ICCS 014
9802,2025-03-04 18:00:00,ICCS 014
7916,2025-03-04 18:00:00,ICCS 008
9799,2025-03-04 19:00:00,ICCS 014
7913,2025-03-04 19:00:00,ICCS 008
9796,2025-03-05 11:00:00,ICCS 014
7910,2025-03-05 11:00:00,ICCS 008
9793,2025-03-05 12:00:00,ICCS 014
7907,2025-03-05 12:00:00,ICCS 008
7904,2025-03-05 13:00:00,ICCS 008
9790,2025-03-05 13:00:00,ICCS 014
9787,2025-03-05 14:00:00,ICCS 014
7901,2025-03-05 14:00:00,ICCS 008
9784,2025-03-05 15:00:00,ICCS 014
7898,2025-03-05 15:00:00,ICCS 008
7895,2025-03-05 16:00:00,ICCS 008
9781,2025-03-05 16:00:00,ICCS 014
9778,2025-03-05 17:00:00,ICCS 014
7892,2025-03-05 17:00:00,ICCS 008
9775,2025-03-05 18:00:00,ICCS 014
7889,2025-03-05 18:00:00,ICCS 008
9772,2025-03-05 19:00:00,ICCS 014
7886,2025-03-05 19:00:00,ICCS 008
9769,2025-03-06 11:00:00,ICCS 014
7883,2025-03-06 11:00:00,ICCS 008
7880,2025-03-06 12:00:00,ICCS 008
9766,2025-03-06 12:00:00,ICCS 014
9763,2025-03-06 13:00:00,ICCS 014
7877,2025-03-06 13:00:00,ICCS 008
7874,2025-03-06 14:00:00,ICCS 008
9760,2025-03-06 14:00:00,ICCS 014
9757,2025-03-06 15:00:00,ICCS 014
7871,2025-03-06 15:00:00,ICCS 008
9754,2025-03-06 16:00:00,ICCS 014
7868,2025-03-06 16:00:00,ICCS 008
7865,2025-03-06 17:00:00,ICCS 008
9751,2025-03-06 17:00:00,ICCS 014
7862,2025-03-06 18:00:00,ICCS 008
9748,2025-03-06 18:00:00,ICCS 014
9745,2025-03-06 19:00:00,ICCS 014
7859,2025-03-06 19:00:00,ICCS 008
7856,2025-03-07 11:00:00,ICCS 008
9742,2025-03-07 11:00:00,ICCS 014
9739,2025-03-07 12:00:00,ICCS 014
7853,2025-03-07 12:00:00,ICCS 008
9736,2025-03-07 13:00:00,ICCS 014
7850,2025-03-07 13:00:00,ICCS 008
7847,2025-03-07 14:00:00,ICCS 008
9733,2025-03-07 14:00:00,ICCS 014
7844,2025-03-07 15:00:00,ICCS 008
9730,2025-03-07 15:00:00,ICCS 014
9727,2025-03-07 16:00:00,ICCS 014
7841,2025-03-07 16:00:00,ICCS 008
7838,2025-03-07 17:00:00,ICCS 008
9724,2025-03-07 17:00:00,ICCS 014
9721,2025-03-07 18:00:00,ICCS 014
7835,2025-03-07 18:00:00,ICCS 008
7832,2025-03-07 19:00:00,ICCS 008
9718,2025-03-07 19:00:00,ICCS 014
7829,2025-03-08 14:00:00,ICCS 008
9715,2025-03-08 14:00:00,ICCS 014
9712,2025-03-08 15:00:00,ICCS 014
7826,2025-03-08 15:00:00,ICCS 008
7823,2025-03-08 16:00:00,ICCS 008
9709,2025-03-08 16:00:00,ICCS 014
9706,2025-03-08 17:00:00,ICCS 014
7820,2025-03-08 17:00:00,ICCS 008
7817,2025-03-08 18:00:00,ICCS 008
9703,2025-03-08 18:00:00,ICCS 014
6491,2025-03-09 00:00:00,ICCS 008
6436,2025-03-09 00:00:00,ICCS 014
7814,2025-03-10 11:00:00,ICCS 008
9700,2025-03-10 11:00:00,ICCS 014
7811,2025-03-10 12:00:00,ICCS 008
9697,2025-03-10 12:00:00,ICCS 014
7808,2025-03-10 13:00:00,ICCS 008
9694,2025-03-10 13:00:00,ICCS 014
7805,2025-03-10 14:00:00,ICCS 008
9691,2025-03-10 14:00:00,ICCS 014
7802,2025-03-10 15:00:00,ICCS 008
9688,2025-03-10 15:00:00,ICCS 014
7799,2025-03-10 16:00:00,ICCS 008
9685,2025-03-10 16:00:00,ICCS 014
7796,2025-03-10 17:00:00,ICCS 008
9682,2025-03-10 17:00:00,ICCS 014
9679,2025-03-10 18:00:00,ICCS 014
7793,2025-03-10 18:00:00,ICCS 008
7790,2025-03-10 19:00:00,ICCS 008
9676,2025-03-10 19:00:00,ICCS 014
9673,2025-03-11 11:00:00,ICCS 014
7787,2025-03-11 11:00:00,ICCS 008
7784,2025-03-11 12:00:00,ICCS 008
9670,2025-03-11 12:00:00,ICCS 014
9667,2025-03-11 13:00:00,ICCS 014
7781,2025-03-11 13:00:00,ICCS 008
7778,2025-03-11 14:00:00,ICCS 008
9664,2025-03-11 14:00:00,ICCS 014
9661,2025-03-11 15:00:00,ICCS 014
7775,2025-03-11 15:00:00,ICCS 008
9658,2025-03-11 16:00:00,ICCS 014
7772,2025-03-11 16:00:00,ICCS 008
9655,2025-03-11 17:00:00,ICCS 014
7769,2025-03-11 17:00:00,ICCS 008
9652,2025-03-11 18:00:00,ICCS 014
7766,2025-03-11 18:00:00,ICCS 008
9649,2025-03-11 19:00:00,ICCS 014
7763,2025-03-11 19:00:00,ICCS 008
7760,2025-03-12 11:00:00,ICCS 008
9646,2025-03-12 11:00:00,ICCS 014
9643,2025-03-12 12:00:00,ICCS 014
7757,2025-03-12 12:00:00,ICCS 008
7754,2025-03-12 13:00:00,ICCS 008
9640,2025-03-12 13:00:00,ICCS 014
7751,2025-03-12 14:00:00,ICCS 008
9637,2025-03-12 14:00:00,ICCS 014
7748,2025-03-12 15:00:00,ICCS 008
9634,2025-03-12 15:00:00,ICCS 014
9631,2025-03-12 16:00:00,ICCS 014
7745,2025-03-12 16:00:00,ICCS 008
7742,2025-03-12 17:00:00,ICCS 008
9628,2025-03-12 17:00:00,ICCS 014
9625,2025-03-12 18:00:00,ICCS 014
7739,2025-03-12 18:00:00,ICCS 008
9622,2025-03-12 19:00:00,ICCS 014
7736,2025-03-12 19:00:00,ICCS 008
9619,2025-03-13 11:00:00,ICCS 014
7733,2025-03-13 11:00:00,ICCS 008
7730,2025-03-13 12:00:00,ICCS 008
9616,2025-03-13 12:00:00,ICCS 014
7727,2025-03-13 13:00:00,ICCS 008
9613,2025-03-13 13:00:00,ICCS 014
7724,2025-03-13 14:00:00,ICCS 008
9610,2025-03-13 14:00:00,ICCS 014
7721,2025-03-13 15:00:00,ICCS 008
9607,2025-03-13 15:00:00,ICCS 014
7718,2025-03-13 16:00:00,ICCS 008
9604,2025-03-13 16:00:00,ICCS 014
7715,2025-03-13 17:00:00,ICCS 008
9601,2025-03-13 17:00:00,ICCS 014
7712,2025-03-13 18:00:00,ICCS 008
9598,2025-03-13 18:00:00,ICCS 014
7709,2025-03-13 19:00:00,ICCS 008
9595,2025-03-13 19:00:00,ICCS 014
7706,2025-03-14 11:00:00,ICCS 008
9592,2025-03-14 11:00:00,ICCS 014
9589,2025-03-14 12:00:00,ICCS 014
7703,2025-03-14 12:00:00,ICCS 008
9586,2025-03-14 13:00:00,ICCS 014
7700,2025-03-14 13:00:00,ICCS 008
9583,2025-03-14 14:00:00,ICCS 014
7697,2025-03-14 14:00:00,ICCS 008
9580,2025-03-14 15:00:00,ICCS 014
7694,2025-03-14 15:00:00,ICCS 008
9577,2025-03-14 16:00:00,ICCS 014
7691,2025-03-14 16:00:00,ICCS 008
9574,2025-03-14 17:00:00,ICCS 014
7688,2025-03-14 17:00:00,ICCS 008
7685,2025-03-14 18:00:00,ICCS 008
9571,2025-03-14 18:00:00,ICCS 014
9568,2025-03-14 19:00:00,ICCS 014
7682,2025-03-14 19:00:00,ICCS 008
7679,2025-03-15 14:00:00,ICCS 008
9565,2025-03-15 14:00:00,ICCS 014
9562,2025-03-15 15:00:00,ICCS 014
7676,2025-03-15 15:00:00,ICCS 008
7673,2025-03-15 16:00:00,ICCS 008
9559,2025-03-15 16:00:00,ICCS 014
9556,2025-03-15 17:00:00,ICCS 014
7670,2025-03-15 17:00:00,ICCS 008
7667,2025-03-15 18:00:00,ICCS 008
9553,2025-03-15 18:00:00,ICCS 014
6432,2025-03-16 00:00:00,ICCS 014
6488,2025-03-16 00:00:00,ICCS 008
7664,2025-03-17 11:00:00,ICCS 008
9550,2025-03-17 11:00:00,ICCS 014
7661,2025-03-17 12:00:00,ICCS 008
9547,2025-03-17 12:00:00,ICCS 014
7658,2025-03-17 13:00:00,ICCS 008
9544,2025-03-17 13:00:00,ICCS 014
9541,2025-03-17 14:00:00,ICCS 014
7655,2025-03-17 14:00:00,ICCS 008
9538,2025-03-17 15:00:00,ICCS 014
7652,2025-03-17 15:00:00,ICCS 008
9535,2025-03-17 16:00:00,ICCS 014
7649,2025-03-17 16:00:00,ICCS 008
9532,2025-03-17 17:00:00,ICCS 014
7646,2025-03-17 17:00:00,ICCS 008
9529,2025-03-17 18:00:00,ICCS 014
7643,2025-03-17 18:00:00,ICCS 008
7640,2025-03-17 19:00:00,ICCS 008
9526,2025-03-17 19:00:00,ICCS 014
1782,2025-03-17 20:30:00,ICCS 008
1777,2025-03-17 20:30:00,ICCS 014
7637,2025-03-18 11:00:00,ICCS 008
9523,2025-03-18 11:00:00,ICCS 014
9520,2025-03-18 12:00:00,ICCS 014
7634,2025-03-18 12:00:00,ICCS 008
7631,2025-03-18 13:00:00,ICCS 008
9517,2025-03-18 13:00:00,ICCS 014
9514,2025-03-18 14:00:00,ICCS 014
7628,2025-03-18 14:00:00,ICCS 008
9511,2025-03-18 15:00:00,ICCS 014
7625,2025-03-18 15:00:00,ICCS 008
7622,2025-03-18 16:00:00,ICCS 008
9508,2025-03-18 16:00:00,ICCS 014
9505,2025-03-18 17:00:00,ICCS 014
7619,2025-03-18 17:00:00,ICCS 008
9502,2025-03-18 18:00:00,ICCS 014
7616,2025-03-18 18:00:00,ICCS 008
9499,2025-03-18 19:00:00,ICCS 014
7613,2025-03-18 19:00:00,ICCS 008
1744,2025-03-18 20:30:00,ICCS 014
1749,2025-03-18 20:30:00,ICCS 008
9496,2025-03-19 11:00:00,ICCS 014
7610,2025-03-19 11:00:00,ICCS 008
7607,2025-03-19 12:00:00,ICCS 008
9493,2025-03-19 12:00:00,ICCS 014
7604,2025-03-19 13:00:00,ICCS 008
9490,2025-03-19 13:00:00,ICCS 014
9487,2025-03-19 14:00:00,ICCS 014
7601,2025-03-19 14:00:00,ICCS 008
9484,2025-03-19 15:00:00,ICCS 014
7598,2025-03-19 15:00:00,ICCS 008
7595,2025-03-19 16:00:00,ICCS 008
9481,2025-03-19 16:00:00,ICCS 014
7592,2025-03-19 17:00:00,ICCS 008
9478,2025-03-19 17:00:00,ICCS 014
7589,2025-03-19 18:00:00,ICCS 008
9475,2025-03-19 18:00:00,ICCS 014
9472,2025-03-19 19:00:00,ICCS 014
7586,2025-03-19 19:00:00,ICCS 008
9469,2025-03-20 11:00:00,ICCS 014
7583,2025-03-20 11:00:00,ICCS 008
7580,2025-03-20 12:00:00,ICCS 008
9466,2025-03-20 12:00:00,ICCS 014
9463,2025-03-20 13:00:00,ICCS 014
7577,2025-03-20 13:00:00,ICCS 008
9460,2025-03-20 14:00:00,ICCS 014
7574,2025-03-20 14:00:00,ICCS 008
7571,2025-03-20 15:00:00,ICCS 008
9457,2025-03-20 15:00:00,ICCS 014
7568,2025-03-20 16:00:00,ICCS 008
9454,2025-03-20 16:00:00,ICCS 014
9451,2025-03-20 17:00:00,ICCS 014
7565,2025-03-20 17:00:00,ICCS 008
7562,2025-03-20 18:00:00,ICCS 008
9448,2025-03-20 18:00:00,ICCS 014
9445,2025-03-20 19:00:00,ICCS 014
7559,2025-03-20 19:00:00,ICCS 008
9442,2025-03-21 11:00:00,ICCS 014
7556,2025-03-21 11:00:00,ICCS 008
9439,2025-03-21 12:00:00,ICCS 014
7553,2025-03-21 12:00:00,ICCS 008
9436,2025-03-21 13:00:00,ICCS 014
7550,2025-03-21 13:00:00,ICCS 008
9433,2025-03-21 14:00:00,ICCS 014
7547,2025-03-21 14:00:00,ICCS 008
9430,2025-03-21 15:00:00,ICCS 014
7544,2025-03-21 15:00:00,ICCS 008
7541,2025-03-21 16:00:00,ICCS 008
9427,2025-03-21 16:00:00,ICCS 014
9424,2025-03-21 17:00:00,ICCS 014
7538,2025-03-21 17:00:00,ICCS 008
9421,2025-03-21 18:00:00,ICCS 014
7535,2025-03-21 18:00:00,ICCS 008
9418,2025-03-21 19:00:00,ICCS 014
7532,2025-03-21 19:00:00,ICCS 008
9415,2025-03-22 14:00:00,ICCS 014
7529,2025-03-22 14:00:00,ICCS 008
9412,2025-03-22 15:00:00,ICCS 014
7526,2025-03-22 15:00:00,ICCS 008
7523,2025-03-22 16:00:00,ICCS 008
9409,2025-03-22 16:00:00,ICCS 014
9406,2025-03-22 17:00:00,ICCS 014
7520,2025-03-22 17:00:00,ICCS 008
9403,2025-03-22 18:00:00,ICCS 014
7517,2025-03-22 18:00:00,ICCS 008
6428,2025-03-23 00:00:00,ICCS 014
6485,2025-03-23 00:00:00,ICCS 008
7514,2025-03-24 11:00:00,ICCS 008
9400,2025-03-24 11:00:00,ICCS 014
7511,2025-03-24 12:00:00,ICCS 008
9397,2025-03-24 12:00:00,ICCS 014
7508,2025-03-24 13:00:00,ICCS 008
9394,2025-03-24 13:00:00,ICCS 014
7505,2025-03-24 14:00:00,ICCS 008
9391,2025-03-24 14:00:00,ICCS 014
9388,2025-03-24 15:00:00,ICCS 014
7502,2025-03-24 15:00:00,ICCS 008
7499,2025-03-24 16:00:00,ICCS 008
9385,2025-03-24 16:00:00,ICCS 014
9382,2025-03-24 17:00:00,ICCS 014
7496,2025-03-24 17:00:00,ICCS 008
3933,2025-03-24 17:00:00,ICCS 008
3923,2025-03-24 17:00:00,ICCS 014
9379,2025-03-24 18:00:00,ICCS 014
3928,2025-03-24 18:00:00,ICCS 008
7493,2025-03-24 18:00:00,ICCS 008
3918,2025-03-24 18:00:00,ICCS 014
7490,2025-03-24 19:00:00,ICCS 008
9376,2025-03-24 19:00:00,ICCS 014
7487,2025-03-25 11:00:00,ICCS 008
9373,2025-03-25 11:00:00,ICCS 014
9370,2025-03-25 12:00:00,ICCS 014
7484,2025-03-25 12:00:00,ICCS 008
9367,2025-03-25 13:00:00,ICCS 014
7481,2025-03-25 13:00:00,ICCS 008
9364,2025-03-25 14:00:00,ICCS 014
7478,2025-03-25 14:00:00,ICCS 008
7475,2025-03-25 15:00:00,ICCS 008
9361,2025-03-25 15:00:00,ICCS 014
7472,2025-03-25 16:00:00,ICCS 008
9358,2025-03-25 16:00:00,ICCS 014
9355,2025-03-25 17:00:00,ICCS 014
7469,2025-03-25 17:00:00,ICCS 008
7466,2025-03-25 18:00:00,ICCS 008
9352,2025-03-25 18:00:00,ICCS 014
9349,2025-03-25 19:00:00,ICCS 014
7463,2025-03-25 19:00:00,ICCS 008
9346,2025-03-26 11:00:00,ICCS 014
7460,2025-03-26 11:00:00,ICCS 008
9343,2025-03-26 12:00:00,ICCS 014
7457,2025-03-26 12:00:00,ICCS 008
7454,2025-03-26 13:00:00,ICCS 008
9340,2025-03-26 13:00:00,ICCS 014
7451,2025-03-26 14:00:00,ICCS 008
9337,2025-03-26 14:00:00,ICCS 014
7448,2025-03-26 15:00:00,ICCS 008
9334,2025-03-26 15:00:00,ICCS 014
9331,2025-03-26 16:00:00,ICCS 014
7445,2025-03-26 16:00:00,ICCS 008
7442,2025-03-26 17:00:00,ICCS 008
9328,2025-03-26 17:00:00,ICCS 014
7439,2025-03-26 18:00:00,ICCS 008
9325,2025-03-26 18:00:00,ICCS 014
9322,2025-03-26 19:00:00,ICCS 014
7436,2025-03-26 19:00:00,ICCS 008
7433,2025-03-27 11:00:00,ICCS 008
9319,2025-03-27 11:00:00,ICCS 014
9316,2025-03-27 12:00:00,ICCS 014
7430,2025-03-27 12:00:00,ICCS 008
7427,2025-03-27 13:00:00,ICCS 008
9313,2025-03-27 13:00:00,ICCS 014
7424,2025-03-27 14:00:00,ICCS 008
9310,2025-03-27 14:00:00,ICCS 014
7421,2025-03-27 15:00:00,ICCS 008
9307,2025-03-27 15:00:00,ICCS 014
9304,2025-03-27 16:00:00,ICCS 014
7418,2025-03-27 16:00:00,ICCS 008
7415,2025-03-27 17:00:00,ICCS 008
9301,2025-03-27 17:00:00,ICCS 014
9298,2025-03-27 18:00:00,ICCS 014
7412,2025-03-27 18:00:00,ICCS 008
9295,2025-03-27 19:00:00,ICCS 014
7409,2025-03-27 19:00:00,ICCS 008
9292,2025-03-28 11:00:00,ICCS 014
7406,2025-03-28 11:00:00,ICCS 008
7403,2025-03-28 12:00:00,ICCS 008
9289,2025-03-28 12:00:00,ICCS 014
9286,2025-03-28 13:00:00,ICCS 014
7400,2025-03-28 13:00:00,ICCS 008
7397,2025-03-28 14:00:00,ICCS 008
9283,2025-03-28 14:00:00,ICCS 014
7394,2025-03-28 15:00:00,ICCS 008
9280,2025-03-28 15:00:00,ICCS 014
7391,2025-03-28 16:00:00,ICCS 008
9277,2025-03-28 16:00:00,ICCS 014
9274,2025-03-28 17:00:00,ICCS 014
7388,2025-03-28 17:00:00,ICCS 008
9271,2025-03-28 18:00:00,ICCS 014
7385,2025-03-28 18:00:00,ICCS 008
7382,2025-03-28 19:00:00,ICCS 008
9268,2025-03-28 19:00:00,ICCS 014
7379,2025-03-29 14:00:00,ICCS 008
9265,2025-03-29 14:00:00,ICCS 014
9262,2025-03-29 15:00:00,ICCS 014
7376,2025-03-29 15:00:00,ICCS 008
9259,2025-03-29 16:00:00,ICCS 014
7373,2025-03-29 16:00:00,ICCS 008
7370,2025-03-29 17:00:00,ICCS 008
9256,2025-03-29 17:00:00,ICCS 014
7367,2025-03-29 18:00:00,ICCS 008
9253,2025-03-29 18:00:00,ICCS 014
6482,2025-03-30 00:00:00,ICCS 008
6424,2025-03-30 00:00:00,ICCS 014
7364,2025-03-31 11:00:00,ICCS 008
9250,2025-03-31 11:00:00,ICCS 014
7361,2025-03-31 12:00:00,ICCS 008
9247,2025-03-31 12:00:00,ICCS 014
7358,2025-03-31 13:00:00,ICCS 008
9244,2025-03-31 13:00:00,ICCS 014
7355,2025-03-31 14:00:00,ICCS 008
9241,2025-03-31 14:00:00,ICCS 014
9238,2025-03-31 15:00:00,ICCS 014
7352,2025-03-31 15:00:00,ICCS 008
9235,2025-03-31 16:00:00,ICCS 014
7349,2025-03-31 16:00:00,ICCS 008
9232,2025-03-31 17:00:00,ICCS 014
7346,2025-03-31 17:00:00,ICCS 008
9229,2025-03-31 18:00:00,ICCS 014
7343,2025-03-31 18:00:00,ICCS 008
9226,2025-03-31 19:00:00,ICCS 014
7340,2025-03-31 19:00:00,ICCS 008
7337,2025-04-01 11:00:00,ICCS 008
9223,2025-04-01 11:00:00,ICCS 014
7334,2025-04-01 12:00:00,ICCS 008
9220,2025-04-01 12:00:00,ICCS 014
9217,2025-04-01 13:00:00,ICCS 014
7331,2025-04-01 13:00:00,ICCS 008
7328,2025-04-01 14:00:00,ICCS 008
9214,2025-04-01 14:00:00,ICCS 014
7325,2025-04-01 15:00:00,ICCS 008
9211,2025-04-01 15:00:00,ICCS 014
7322,2025-04-01 16:00:00,ICCS 008
9208,2025-04-01 16:00:00,ICCS 014
7319,2025-04-01 17:00:00,ICCS 008
9205,2025-04-01 17:00:00,ICCS 014
7316,2025-04-01 18:00:00,ICCS 008
9202,2025-04-01 18:00:00,ICCS 014
7313,2025-04-01 19:00:00,ICCS 008
9199,2025-04-01 19:00:00,ICCS 014
9196,2025-04-02 11:00:00,ICCS 014
7310,2025-04-02 11:00:00,ICCS 008
9193,2025-04-02 12:00:00,ICCS 014
7307,2025-04-02 12:00:00,ICCS 008
7304,2025-04-02 13:00:00,ICCS 008
9190,2025-04-02 13:00:00,ICCS 014
7301,2025-04-02 14:00:00,ICCS 008
9187,2025-04-02 14:00:00,ICCS 014
9184,2025-04-02 15:00:00,ICCS 014
7298,2025-04-02 15:00:00,ICCS 008
7295,2025-04-02 16:00:00,ICCS 008
9181,2025-04-02 16:00:00,ICCS 014
7292,2025-04-02 17:00:00,ICCS 008
9178,2025-04-02 17:00:00,ICCS 014
9175,2025-04-02 18:00:00,ICCS 014
7289,2025-04-02 18:00:00,ICCS 008
7286,2025-04-02 19:00:00,ICCS 008
9172,2025-04-02 19:00:00,ICCS 014
7283,2025-04-03 11:00:00,ICCS 008
9169,2025-04-03 11:00:00,ICCS 014
7280,2025-04-03 12:00:00,ICCS 008
9166,2025-04-03 12:00:00,ICCS 014
9163,2025-04-03 13:00:00,ICCS 014
7277,2025-04-03 13:00:00,ICCS 008
7274,2025-04-03 14:00:00,ICCS 008
9160,2025-04-03 14:00:00,ICCS 014
9157,2025-04-03 15:00:00,ICCS 014
7271,2025-04-03 15:00:00,ICCS 008
9154,2025-04-03 16:00:00,ICCS 014
7268,2025-04-03 16:00:00,ICCS 008
9151,2025-04-03 17:00:00,ICCS 014
7265,2025-04-03 17:00:00,ICCS 008
9148,2025-04-03 18:00:00,ICCS 014
7262,2025-04-03 18:00:00,ICCS 008
7259,2025-04-03 19:00:00,ICCS 008
9145,2025-04-03 19:00:00,ICCS 014
9142,2025-04-04 11:00:00,ICCS 014
7256,2025-04-04 11:00:00,ICCS 008
9139,2025-04-04 12:00:00,ICCS 014
7253,2025-04-04 12:00:00,ICCS 008
9136,2025-04-04 13:00:00,ICCS 014
7250,2025-04-04 13:00:00,ICCS 008
7247,2025-04-04 14:00:00,ICCS 008
9133,2025-04-04 14:00:00,ICCS 014
7244,2025-04-04 15:00:00,ICCS 008
9130,2025-04-04 15:00:00,ICCS 014
7241,2025-04-04 16:00:00,ICCS 008
9127,2025-04-04 16:00:00,ICCS 014
9124,2025-04-04 17:00:00,ICCS 014
7238,2025-04-04 17:00:00,ICCS 008
9121,2025-04-04 18:00:00,ICCS 014
7235,2025-04-04 18:00:00,ICCS 008
9118,2025-04-04 19:00:00,ICCS 014
7232,2025-04-04 19:00:00,ICCS 008
9115,2025-04-05 14:00:00,ICCS 014
7229,2025-04-05 14:00:00,ICCS 008
7226,2025-04-05 15:00:00,ICCS 008
9112,2025-04-05 15:00:00,ICCS 014
9109,2025-04-05 16:00:00,ICCS 014
7223,2025-04-05 16:00:00,ICCS 008
7220,2025-04-05 17:00:00,ICCS 008
9106,2025-04-05 17:00:00,ICCS 014
7217,2025-04-05 18:00:00,ICCS 008
9103,2025-04-05 18:00:00,ICCS 014
6420,2025-04-06 00:00:00,ICCS 014
6479,2025-04-06 00:00:00,ICCS 008
7214,2025-04-07 11:00:00,ICCS 008
9100,2025-04-07 11:00:00,ICCS 014
7211,2025-04-07 12:00:00,ICCS 008
9097,2025-04-07 12:00:00,ICCS 014
7208,2025-04-07 13:00:00,ICCS 008
9094,2025-04-07 13:00:00,ICCS 014
7205,2025-04-07 14:00:00,ICCS 008
9091,2025-04-07 14:00:00,ICCS 014
9088,2025-04-07 15:00:00,ICCS 014
7202,2025-04-07 15:00:00,ICCS 008
9085,2025-04-07 16:00:00,ICCS 014
7199,2025-04-07 16:00:00,ICCS 008
9082,2025-04-07 17:00:00,ICCS 014
7196,2025-04-07 17:00:00,ICCS 008
9079,2025-04-07 18:00:00,ICCS 014
7193,2025-04-07 18:00:00,ICCS 008
9076,2025-04-07 19:00:00,ICCS 014
7190,2025-04-07 19:00:00,ICCS 008
9073,2025-04-08 11:00:00,ICCS 014
7187,2025-04-08 11:00:00,ICCS 008
9070,2025-04-08 12:00:00,ICCS 014
7184,2025-04-08 12:00:00,ICCS 008
9067,2025-04-08 13:00:00,ICCS 014
7181,2025-04-08 13:00:00,ICCS 008
9064,2025-04-08 14:00:00,ICCS 014
7178,2025-04-08 14:00:00,ICCS 008
7175,2025-04-08 15:00:00,ICCS 008
9061,2025-04-08 15:00:00,ICCS 014
7172,2025-04-08 16:00:00,ICCS 008
9058,2025-04-08 16:00:00,ICCS 014
9055,2025-04-08 17:00:00,ICCS 014
7169,2025-04-08 17:00:00,ICCS 008
7166,2025-04-08 18:00:00,ICCS 008
9052,2025-04-08 18:00:00,ICCS 014
9049,2025-04-08 19:00:00,ICCS 014
7163,2025-04-08 19:00:00,ICCS 008
